<step title="BackgroundTrace" date="2025-11-05T09:33:00.856" instance="ec7c15" url="/api/zipdeploy" method="POST" >
  <step title="Creating temporary deployment - FetchDeploymentManager" date="2025-11-05T09:33:00.945" /><!-- duration: 1ms -->
  <step title="Creating temporary deployment" date="2025-11-05T09:33:00.954" /><!-- duration: 62ms -->
  <step title="Performing fetch based deployment" date="2025-11-05T09:33:01.067" >
    <step title="Cleaning up temp folders from previous zip deployments and extracting pushed zip file /tmp/zipdeploy/410681b6-de59-4b8b-bfdc-296982980ff4.zip (7.10 MB) to /tmp/zipdeploy/extracted" date="2025-11-05T09:33:02.232" >
      <step title="ChmodRecursive Process exited with total time taken in ms: 20" date="2025-11-05T09:33:02.710" /><!-- duration: 9ms -->
    </step><!-- duration: 489ms -->
    <step title="Deployment timer started" date="2025-11-05T09:33:04.746" >
      <step title="DeploymentManager.Deploy(id:9950684e-18e2-4199-8d42-a5a7f70f5490)" date="2025-11-05T09:33:04.751" >
        <step title="Collecting changeset information" date="2025-11-05T09:33:04.780" /><!-- duration: 102ms -->
        <step title="Updating submodules" date="2025-11-05T09:33:04.885" /><!-- duration: 1112ms -->
        <step title="Determining deployment builder" date="2025-11-05T09:33:06.202" >
          <step title="Builder is BasicBuilder" date="2025-11-05T09:33:06.207" /><!-- duration: 5ms -->
        </step><!-- duration: 13ms -->
        <step title="PreDeployment: context.CleanOutputPath False" date="2025-11-05T09:33:06.263" >
          <step title="PreDeployment: context.OutputPath /home/site/wwwroot" date="2025-11-05T09:33:06.367" >
            <step title="Building" date="2025-11-05T09:33:06.505" >
              <step title="Executing external process" date="2025-11-05T09:33:06.738" type="process" path="starter.sh" arguments="/opt/Kudu/Scripts/parallel_rsync.sh /tmp/zipdeploy/extracted /home/site/wwwroot 8 /tmp/ False True  " /><!-- duration: 1903ms -->
              <step title="Triggering recycle (preview mode disabled)." date="2025-11-05T09:33:08.872" /><!-- duration: 2ms -->
              <step title="Modified file to trigger a restart of the app container." date="2025-11-05T09:33:08.907" /><!-- duration: 3ms -->
              <step title="Skip function trigger and logicapp sync because function is not enabled." date="2025-11-05T09:33:08.913" /><!-- duration: 2ms -->
            </step><!-- duration: 3095ms -->
          </step><!-- duration: 3237ms -->
          <step title="Cleaning up temp files" date="2025-11-05T09:33:09.606" /><!-- duration: 3ms -->
          <step title="Cleaning up temp files" date="2025-11-05T09:33:09.610" /><!-- duration: 512ms -->
          <step title="Reloading status file with latest updates" date="2025-11-05T09:33:10.143" >
            <step title="WebHooksManager.PublishEventAsync: PostDeployment" date="2025-11-05T09:33:10.146" /><!-- duration: 72ms -->
          </step><!-- duration: 77ms -->
          <step title="Cleaning up temporary deployment - fetch deployment was successful" date="2025-11-05T09:33:10.223" /><!-- duration: 1ms -->
        </step><!-- duration: 4015ms -->
      </step><!-- duration: 5536ms -->
