<step title="Incoming Request" date="2025-11-05T09:33:00.184" instance="ec7c15" url="/api/zipdeploy?isAsync=true" method="POST" type="request" pid="831,1,17" Accept="application/json" Host="app-api-wwfkvuakcax2a.scm.azurewebsites.net" User-Agent="azsdk-go-zip-deploy/1.0.0 (go1.25.0 X:loopvar; Windows_NT),azdev/1.20.3 (Go go1.25.0 X:loopvar; windows/amd64)" Accept-Encoding="gzip" Authorization="Bea..." Content-Type="application/octet-stream" Content-Length="7447610" X-Ms-Correlation-Request-Id="1588d63f97a9345a966a00a0bb676c72" X-ARR-LOG-ID="1588d63f-97a9-345a-966a-00a0bb676c72" CLIENT-IP="103.42.140.96:65383" X-SITE-DEPLOYMENT-ID="app-api-wwfkvuakcax2a" WAS-DEFAULT-HOSTNAME="app-api-wwfkvuakcax2a.scm.azurewebsites.net" X-Forwarded-Proto="https" X-AppService-Proto="https" X-Forwarded-TlsVersion="1.3" X-WAWS-Unencoded-URL="/api/zipdeploy?isAsync=true" X-Client-IP="103.42.140.96" X-Client-Port="65383" >
  <step title="ZipPushDeploy" date="2025-11-05T09:33:00.672" >
    <step title="ZipDeploy. Extract zip." date="2025-11-05T09:33:00.684" /><!-- duration: 8ms -->
    <step title="None repository commit" date="2025-11-05T09:33:00.696" >
      <step title="Commit id: 9950684e-18e2-4199-8d42-a5a7f70f5490" date="2025-11-05T09:33:00.698" Message="N/A" AuthorName="N/A" AuthorEmail="N/A" /><!-- duration: 2ms -->
    </step><!-- duration: 5ms -->
    <step title="Starting PushDeployAsync" date="2025-11-05T09:33:00.703" /><!-- duration: 2ms -->
    <step title="Writing artifact to /tmp/zipdeploy/410681b6-de59-4b8b-bfdc-296982980ff4.zip" date="2025-11-05T09:33:00.717" >
      <step title="Writing multipart request body to /tmp/zipdeploy/410681b6-de59-4b8b-bfdc-296982980ff4.zip" date="2025-11-05T09:33:00.720" /><!-- duration: 2ms -->
    </step><!-- duration: 115ms -->
    <step title="Start deployment in the background" date="2025-11-05T09:33:00.848" >
      <step title="Acquiring Deployment Lock" date="2025-11-05T09:33:00.884" /><!-- duration: 2ms -->
      <step title="Acquired Deployment Lock" date="2025-11-05T09:33:00.935" /><!-- duration: 2ms -->
    </step><!-- duration: 176ms -->
  </step><!-- duration: 356ms -->
  <step title="Outgoing response" date="2025-11-05T09:33:01.047" type="response" statusCode="202" statusText="Accepted" /><!-- duration: 6ms -->
</step><!-- duration: 871ms -->
