<step title="Incoming Request" date="2025-11-05T09:43:22.675" instance="ec7c15" url="/api/zipdeploy?isAsync=true" method="POST" type="request" pid="831,1,39" Accept="application/json" Host="app-api-wwfkvuakcax2a.scm.azurewebsites.net" User-Agent="azsdk-go-zip-deploy/1.0.0 (go1.25.0 X:loopvar; Windows_NT),azdev/1.20.3 (Go go1.25.0 X:loopvar; windows/amd64)" Accept-Encoding="gzip" Authorization="Bea..." Content-Type="application/octet-stream" Content-Length="7447610" X-Ms-Correlation-Request-Id="1588d63f97a9345a966a00a0bb676c72" X-ARR-LOG-ID="1588d63f-97a9-345a-966a-00a0bb676c72" CLIENT-IP="103.42.140.96:59241" X-SITE-DEPLOYMENT-ID="app-api-wwfkvuakcax2a" WAS-DEFAULT-HOSTNAME="app-api-wwfkvuakcax2a.scm.azurewebsites.net" X-Forwarded-Proto="https" X-AppService-Proto="https" X-Forwarded-TlsVersion="1.3" X-WAWS-Unencoded-URL="/api/zipdeploy?isAsync=true" X-Client-IP="103.42.140.96" X-Client-Port="59241" >
  <step title="Cleanup Xml Logs" date="2025-11-05T09:43:22.676" /><!-- duration: 2ms -->
  <step title="ZipPushDeploy" date="2025-11-05T09:43:22.684" >
    <step title="ZipDeploy. Extract zip." date="2025-11-05T09:43:22.687" /><!-- duration: 1ms -->
    <step title="Starting PushDeployAsync" date="2025-11-05T09:43:22.690" /><!-- duration: 1ms -->
    <step title="Writing artifact to /tmp/zipdeploy/c4bdebe3-b94e-440f-906b-62b0b244eb37.zip" date="2025-11-05T09:43:22.696" >
      <step title="Writing multipart request body to /tmp/zipdeploy/c4bdebe3-b94e-440f-906b-62b0b244eb37.zip" date="2025-11-05T09:43:22.698" /><!-- duration: 1ms -->
    </step><!-- duration: 9148ms -->
    <step title="Start deployment in the background" date="2025-11-05T09:43:31.852" >
      <step title="Acquiring Deployment Lock" date="2025-11-05T09:43:31.862" /><!-- duration: 2ms -->
      <step title="Acquired Deployment Lock" date="2025-11-05T09:43:31.887" /><!-- duration: 2ms -->
    </step><!-- duration: 76ms -->
  </step><!-- duration: 9246ms -->
  <step title="Outgoing response" date="2025-11-05T09:43:31.938" type="response" statusCode="202" statusText="Accepted" /><!-- duration: 1ms -->
</step><!-- duration: 9271ms -->
