<step title="BackgroundTrace" date="2025-11-05T09:43:31.855" instance="ec7c15" url="/api/zipdeploy" method="POST" >
  <step title="Cleanup Xml Logs" date="2025-11-05T09:43:31.856" /><!-- duration: 2ms -->
  <step title="Creating temporary deployment - FetchDeploymentManager" date="2025-11-05T09:43:31.890" /><!-- duration: 1ms -->
  <step title="Creating temporary deployment" date="2025-11-05T09:43:31.893" /><!-- duration: 33ms -->
  <step title="Performing fetch based deployment" date="2025-11-05T09:43:31.957" >
    <step title="Cleaning up temp folders from previous zip deployments and extracting pushed zip file /tmp/zipdeploy/c4bdebe3-b94e-440f-906b-62b0b244eb37.zip (7.10 MB) to /tmp/zipdeploy/extracted" date="2025-11-05T09:43:33.124" >
      <step title="ChmodRecursive Process exited with total time taken in ms: 24" date="2025-11-05T09:43:33.540" /><!-- duration: 2ms -->
    </step><!-- duration: 421ms -->
    <step title="Deployment timer started" date="2025-11-05T09:43:35.549" >
      <step title="DeploymentManager.Deploy(id:2342a7f2-b71f-4c58-b055-c3cde61a0495)" date="2025-11-05T09:43:35.552" >
        <step title="Collecting changeset information" date="2025-11-05T09:43:35.569" /><!-- duration: 74ms -->
        <step title="Updating submodules" date="2025-11-05T09:43:35.646" /><!-- duration: 1114ms -->
        <step title="Determining deployment builder" date="2025-11-05T09:43:36.993" >
          <step title="Builder is BasicBuilder" date="2025-11-05T09:43:36.997" /><!-- duration: 1ms -->
        </step><!-- duration: 7ms -->
        <step title="PreDeployment: context.CleanOutputPath False" date="2025-11-05T09:43:37.040" >
          <step title="PreDeployment: context.OutputPath /home/site/wwwroot" date="2025-11-05T09:43:37.161" >
            <step title="Building" date="2025-11-05T09:43:37.293" >
              <step title="Executing external process" date="2025-11-05T09:43:37.525" type="process" path="starter.sh" arguments="/opt/Kudu/Scripts/parallel_rsync.sh /tmp/zipdeploy/extracted /home/site/wwwroot 8 /tmp/ False True  " /><!-- duration: 1079ms -->
              <step title="Triggering recycle (preview mode disabled)." date="2025-11-05T09:43:38.823" /><!-- duration: 2ms -->
              <step title="Modified file to trigger a restart of the app container." date="2025-11-05T09:43:38.841" /><!-- duration: 6ms -->
              <step title="Skip function trigger and logicapp sync because function is not enabled." date="2025-11-05T09:43:38.849" /><!-- duration: 1ms -->
            </step><!-- duration: 2274ms -->
          </step><!-- duration: 2410ms -->
          <step title="Cleaning up temp files" date="2025-11-05T09:43:39.573" /><!-- duration: 3ms -->
          <step title="Cleaning up temp files" date="2025-11-05T09:43:39.577" /><!-- duration: 503ms -->
          <step title="Reloading status file with latest updates" date="2025-11-05T09:43:40.107" >
            <step title="WebHooksManager.PublishEventAsync: PostDeployment" date="2025-11-05T09:43:40.110" /><!-- duration: 17ms -->
          </step><!-- duration: 21ms -->
          <step title="Cleaning up temporary deployment - fetch deployment was successful" date="2025-11-05T09:43:40.131" /><!-- duration: 2ms -->
        </step><!-- duration: 3166ms -->
      </step><!-- duration: 4661ms -->
