﻿<?xml version="1.0" encoding="utf-8"?>
<deployment>
  <id>9950684e-18e2-4199-8d42-a5a7f70f5490</id>
  <author>N/A</author>
  <deployer>Push-Deployer</deployer>
  <authorEmail>N/A</authorEmail>
  <message>Created via a push deployment</message>
  <progress></progress>
  <status>Success</status>
  <statusText></statusText>
  <lastSuccessEndTime>2025-11-05T09:33:09.2877126Z</lastSuccessEndTime>
  <receivedTime>2025-11-05T09:33:04.8208426Z</receivedTime>
  <startTime>2025-11-05T09:33:06.1375718Z</startTime>
  <endTime>2025-11-05T09:33:09.2877126Z</endTime>
  <complete>True</complete>
  <is_temp>False</is_temp>
  <is_readonly>True</is_readonly>
  <buildSummary />
</deployment>