﻿<?xml version="1.0" encoding="utf-8"?>
<deployment>
  <id>2342a7f2-b71f-4c58-b055-c3cde61a0495</id>
  <author>N/A</author>
  <deployer>Push-Deployer</deployer>
  <authorEmail>N/A</authorEmail>
  <message>Created via a push deployment</message>
  <progress></progress>
  <status>Success</status>
  <statusText></statusText>
  <lastSuccessEndTime>2025-11-05T09:43:39.2095007Z</lastSuccessEndTime>
  <receivedTime>2025-11-05T09:43:35.5880113Z</receivedTime>
  <startTime>2025-11-05T09:43:36.9314858Z</startTime>
  <endTime>2025-11-05T09:43:39.2095007Z</endTime>
  <complete>True</complete>
  <is_temp>False</is_temp>
  <is_readonly>True</is_readonly>
  <buildSummary />
</deployment>